{"cameraMode":{"drawMode":0,"name":"Shaded","section":"Shading Mode"},"sceneLighting":true,"audioPlay":false,"sceneViewState":{"showFog":true,"showMaterialUpdate":false,"showSkybox":true,"showFlares":true,"showImageEffects":true,"showParticleSystems":true},"in2DMode":false,"pivot":{"x":0.3554729223251343,"y":1.7262080907821656,"z":-0.1136276051402092},"rotation":{"x":-0.38184434175491335,"y":0.008871474303305149,"z":-0.0036634085699915888,"w":-0.924176812171936},"size":7.662776947021484,"orthographic":false}