{"cameraMode":{"drawMode":0,"name":"Shaded","section":"Shading Mode"},"sceneLighting":false,"audioPlay":false,"sceneViewState":{"showFog":true,"showMaterialUpdate":false,"showSkybox":true,"showFlares":true,"showImageEffects":true,"showParticleSystems":true},"in2DMode":false,"pivot":{"x":-7.161428928375244,"y":1.1718566417694092,"z":1.2052173614501954},"rotation":{"x":0.456620991230011,"y":-0.23614287376403809,"z":0.1271125227212906,"w":0.8482784032821655},"size":0.571576714515686,"orthographic":false}