{"cameraMode":{"drawMode":0,"name":"Shaded","section":"Shading Mode"},"sceneLighting":false,"audioPlay":false,"sceneViewState":{"showFog":true,"showMaterialUpdate":false,"showSkybox":true,"showFlares":true,"showImageEffects":true,"showParticleSystems":true},"in2DMode":false,"pivot":{"x":-4.166531562805176,"y":6.468271732330322,"z":-6.630390167236328},"rotation":{"x":0.30908364057540896,"y":0.3141734004020691,"z":-0.10899264365434647,"w":0.8910011649131775},"size":9.875129699707032,"orthographic":false}