{"cameraMode":{"drawMode":0,"name":"Shaded","section":"Shading Mode"},"sceneLighting":false,"audioPlay":false,"sceneViewState":{"showFog":true,"showMaterialUpdate":false,"showSkybox":true,"showFlares":true,"showImageEffects":true,"showParticleSystems":true},"in2DMode":false,"pivot":{"x":-5.46999979019165,"y":0.5960000157356262,"z":4.28000020980835},"rotation":{"x":0.37464502453804018,"y":0.3377581536769867,"z":-0.14878126978874207,"w":0.8505437970161438},"size":1.2124978303909302,"orthographic":false}