{"cameraMode":{"drawMode":0,"name":"Shaded","section":"Shading Mode"},"sceneLighting":false,"audioPlay":false,"sceneViewState":{"showFog":true,"showMaterialUpdate":false,"showSkybox":true,"showFlares":true,"showImageEffects":true,"showParticleSystems":true},"in2DMode":false,"pivot":{"x":-780.8561401367188,"y":53.715911865234378,"z":-29.980119705200197},"rotation":{"x":-0.3650638461112976,"y":0.21947070956230164,"z":-0.08898578584194184,"w":-0.9003569483757019},"size":2.0857622623443605,"orthographic":false}